RowNumber,CustomerId,Surname,CreditScore,Geography,Gender,Age,Tenure,Balance,NumOfProducts
1,15574012,Chu,645,Spain,Male,44,8,113755.78,2
2,15592531,Bartlett,822,France,Male,50,7,0,2
3,15656148,Obinna,376,Germany,Female,29,4,115046.74,4
4,15792365,He,501,France,Male,44,4,142051.07,2
5,15592389,H?,684,France,Male,27,2,134603.88,1
6,15634602,Hargrave,619,France,Female,42,2,0,1
7,15647311,Hill,608,Spain,Female,41,1,83807.86,1
8,15619304,Onio,502,France,Female,42,8,159660.8,3
9,15701354,Boni,699,France,Female,39,1,0,2
10,15737888,Mitchell,850,Spain,Female,43,2,125510.82,1
11,15767821,Bearce,528,France,Male,31,6,102016.72,2
12,15737173,Andrews,497,Spain,Male,24,3,0,2
13,15632264,Kay,476,France,Female,34,10,0,2
14,15691483,Chin,549,France,Female,25,5,0,2
15,15600882,Scott,635,Spain,Female,35,7,0,2
16,15643966,Goforth,616,Germany,Male,45,3,143129.41,2
17,15737452,Romeo,653,Germany,Male,58,1,132602.88,1
18,15788218,Henderson,549,Spain,Female,24,9,0,2
19,15661507,Muldrow,587,Spain,Male,45,6,0,1
20,15568982,Hao,726,France,Female,24,6,0,2
21,15577657,McDonald,732,France,Male,41,8,0,2
22,15597945,Dellucci,636,Spain,Female,32,8,0,2
23,15699309,Gerasimov,510,Spain,Female,38,4,0,1
24,15725737,Mosman,669,France,Male,46,3,0,2
25,15625047,Yen,846,France,Female,38,5,0,1
26,15738191,Maclean,577,France,Male,25,3,0,2
27,15736816,Young,756,Germany,Male,36,2,136815.64,1
28,15700772,Nebechi,571,France,Male,44,9,0,2
29,15728693,McWilliams,574,Germany,Female,43,3,141349.43,1
30,15656300,Lucciano,411,France,Male,29,0,59697.17,2
31,15589475,Azikiwe,591,Spain,Female,39,3,0,3
32,15706552,Odinakachukwu,533,France,Male,36,7,85311.7,1
33,15750181,Sanderson,553,Germany,Male,41,9,110112.54,2
34,15659428,Maggard,520,Spain,Female,42,6,0,2
35,15732963,Clements,722,Spain,Female,29,9,0,2
36,15794171,Lombardo,475,France,Female,45,0,134264.04,1
37,15788448,Watson,490,Spain,Male,31,3,145260.23,1
38,15729599,Lorenzo,804,Spain,Male,33,7,76548.6,1
39,15717426,Armstrong,850,France,Male,36,7,0,1
40,15585768,Cameron,582,Germany,Male,41,6,70349.48,2
